classifications,name,score,publish_date,link,last_time
Comedy,The Night Before, 7.5 ,2015,http://www.imdb.com/title/tt3530002/?ref_=inth_ov_tt,"
                101 min
"
"Mystery,Thriller",Secret in Their Eyes, 6.2 ,2015,http://www.imdb.com/title/tt1741273/?ref_=inth_ov_tt,"
                111 min
"
"Biography,Drama,History",Bridge of Spies, 8.0 ,2015,http://www.imdb.com/title/tt3682448/?ref_=inth_ov_tt,"
                141 min
"
"Animation,Adventure,Comedy",The Good Dinosaur, 7.7 ,2015,http://www.imdb.com/title/tt1979388/?ref_=inth_ov_tt,"
                100 min
"
"Animation,Adventure,Comedy",The Peanuts Movie, 7.9 ,2015,http://www.imdb.com/title/tt2452042/?ref_=inth_ov_tt,"
                88 min
"
"Action,Adventure,Thriller",Spectre, 7.2 ,2015,http://www.imdb.com/title/tt2379713/?ref_=inth_ov_tt,"
                148 min
"
"Biography,Drama,History",The 33, 7.0 ,2015,http://www.imdb.com/title/tt2006295/?ref_=inth_ov_tt,"
                127 min
"
"Adventure,Sci-Fi",The Hunger Games: Mockingjay - Part 2, 7.2 ,2015,http://www.imdb.com/title/tt1951266/?ref_=inth_ov_tt,"
                137 min
"
"Documentary,Drama",, 8.1 ,,http://www.imdb.com/title/tt4498460/?ref_=inth_ov_tt,"
                100 min
"
"Biography,Drama,History",Spotlight, 8.5 ,2015,http://www.imdb.com/title/tt1895587/?ref_=inth_ov_tt,"
                128 min
"
"Drama,Sport",Creed, 8.9 ,2015,http://www.imdb.com/title/tt3076658/?ref_=inth_ov_tt,"
                132 min
"
"Adventure,Drama,Sci-Fi",The Martian, 8.2 ,2015,http://www.imdb.com/title/tt3659388/?ref_=inth_ov_tt,"
                144 min
"
"Biography,Drama",The Danish Girl, 5.4 ,2015,http://www.imdb.com/title/tt0810819/?ref_=inth_ov_tt,"
                120 min
"
Comedy,Love the Coopers, 5.7 ,2015,http://www.imdb.com/title/tt2279339/?ref_=inth_ov_tt,"
                107 min
"
"Documentary,Biography,Music",, 7.2 ,,http://www.imdb.com/title/tt3707114/?ref_=inth_ov_tt,"
                103 min
"
"Drama,Horror,Sci-Fi",Victor Frankenstein, 6.5 ,2015,http://www.imdb.com/title/tt1976009/?ref_=inth_ov_tt,"
                109 min
"
classifications,name,score,publish_date,link,last_time
"Biography,Drama,History",Hacked by xxx, 8.0 ,2015,http://www.imdb.com/title/tt3682448/?ref_=inth_ov_tt,"
                141 min
"
"Animation,Adventure,Comedy",Hacked by xxx, 7.7 ,2015,http://www.imdb.com/title/tt1979388/?ref_=inth_ov_tt,"
                100 min
"
"Biography,Drama,History",Hacked by xxx, 7.0 ,2015,http://www.imdb.com/title/tt2006295/?ref_=inth_ov_tt,"
                127 min
"
Comedy,Hacked by xxx, 7.5 ,2015,http://www.imdb.com/title/tt3530002/?ref_=inth_ov_tt,"
                101 min
"
"Biography,Drama,History",Hacked by xxx, 8.5 ,2015,http://www.imdb.com/title/tt1895587/?ref_=inth_ov_tt,"
                128 min
"
"Documentary,Drama",Hacked by xxx, 8.1 ,,http://www.imdb.com/title/tt4498460/?ref_=inth_ov_tt,"
                100 min
"
"Adventure,Drama,Sci-Fi",Hacked by xxx, 8.2 ,2015,http://www.imdb.com/title/tt3659388/?ref_=inth_ov_tt,"
                144 min
"
"Animation,Adventure,Comedy",Hacked by xxx, 7.9 ,2015,http://www.imdb.com/title/tt2452042/?ref_=inth_ov_tt,"
                88 min
"
"Adventure,Sci-Fi",Hacked by xxx, 7.2 ,2015,http://www.imdb.com/title/tt1951266/?ref_=inth_ov_tt,"
                137 min
"
"Drama,Sport",Hacked by xxx, 8.9 ,2015,http://www.imdb.com/title/tt3076658/?ref_=inth_ov_tt,"
                132 min
"
"Documentary,Biography,Music",Hacked by xxx, 7.2 ,,http://www.imdb.com/title/tt3707114/?ref_=inth_ov_tt,"
                103 min
"
"Biography,Drama",Hacked by xxx, 5.4 ,2015,http://www.imdb.com/title/tt0810819/?ref_=inth_ov_tt,"
                120 min
"
"Action,Adventure,Thriller",Hacked by xxx, 7.2 ,2015,http://www.imdb.com/title/tt2379713/?ref_=inth_ov_tt,"
                148 min
"
Comedy,Hacked by xxx, 5.7 ,2015,http://www.imdb.com/title/tt2279339/?ref_=inth_ov_tt,"
                107 min
"
"Drama,Horror,Sci-Fi",Hacked by xxx, 6.5 ,2015,http://www.imdb.com/title/tt1976009/?ref_=inth_ov_tt,"
                109 min
"
"Mystery,Thriller",Hacked by xxx, 6.2 ,2015,http://www.imdb.com/title/tt1741273/?ref_=inth_ov_tt,"
                111 min
"
classifications,name,score,publish_date,link,last_time
Comedy,Hacked by xxx, 5.7 ,2015,http://www.imdb.com/title/tt2279339/?ref_=inth_ov_tt,"
                107 min
"
"Mystery,Thriller",Hacked by xxx, 6.2 ,2015,http://www.imdb.com/title/tt1741273/?ref_=inth_ov_tt,"
                111 min
"
"Animation,Adventure,Comedy",Hacked by xxx, 7.7 ,2015,http://www.imdb.com/title/tt1979388/?ref_=inth_ov_tt,"
                100 min
"
Comedy,Hacked by xxx, 7.5 ,2015,http://www.imdb.com/title/tt3530002/?ref_=inth_ov_tt,"
                101 min
"
"Biography,Drama,History",Hacked by xxx, 8.5 ,2015,http://www.imdb.com/title/tt1895587/?ref_=inth_ov_tt,"
                128 min
"
"Biography,Drama,History",Hacked by xxx, 7.0 ,2015,http://www.imdb.com/title/tt2006295/?ref_=inth_ov_tt,"
                127 min
"
"Animation,Adventure,Comedy",Hacked by xxx, 7.9 ,2015,http://www.imdb.com/title/tt2452042/?ref_=inth_ov_tt,"
                88 min
"
"Documentary,Drama",Hacked by xxx, 8.1 ,,http://www.imdb.com/title/tt4498460/?ref_=inth_ov_tt,"
                100 min
"
"Action,Adventure,Thriller",Hacked by xxx, 7.2 ,2015,http://www.imdb.com/title/tt2379713/?ref_=inth_ov_tt,"
                148 min
"
"Adventure,Drama,Sci-Fi",Hacked by xxx, 8.2 ,2015,http://www.imdb.com/title/tt3659388/?ref_=inth_ov_tt,"
                144 min
"
"Biography,Drama",Hacked by xxx, 5.4 ,2015,http://www.imdb.com/title/tt0810819/?ref_=inth_ov_tt,"
                120 min
"
"Adventure,Sci-Fi",Hacked by xxx, 7.2 ,2015,http://www.imdb.com/title/tt1951266/?ref_=inth_ov_tt,"
                137 min
"
"Biography,Drama,History",Hacked by xxx, 8.0 ,2015,http://www.imdb.com/title/tt3682448/?ref_=inth_ov_tt,"
                141 min
"
"Drama,Horror,Sci-Fi",Hacked by xxx, 6.5 ,2015,http://www.imdb.com/title/tt1976009/?ref_=inth_ov_tt,"
                109 min
"
"Documentary,Biography,Music",Hacked by xxx, 7.2 ,,http://www.imdb.com/title/tt3707114/?ref_=inth_ov_tt,"
                103 min
"
"Drama,Sport",Hacked by xxx, 8.9 ,2015,http://www.imdb.com/title/tt3076658/?ref_=inth_ov_tt,"
                132 min
"
classifications,name,score,publish_date,link,last_time
"Biography,Drama,History",Hacked by xxx, 8.5 ,2015,http://www.imdb.com/title/tt1895587/?ref_=inth_ov_tt,"
                128 min
"
Comedy,Hacked by xxx, 7.5 ,2015,http://www.imdb.com/title/tt3530002/?ref_=inth_ov_tt,"
                101 min
"
"Adventure,Drama,Sci-Fi",Hacked by xxx, 8.2 ,2015,http://www.imdb.com/title/tt3659388/?ref_=inth_ov_tt,"
                144 min
"
"Biography,Drama,History",Hacked by xxx, 8.0 ,2015,http://www.imdb.com/title/tt3682448/?ref_=inth_ov_tt,"
                141 min
"
"Animation,Adventure,Comedy",Hacked by xxx, 7.7 ,2015,http://www.imdb.com/title/tt1979388/?ref_=inth_ov_tt,"
                100 min
"
"Biography,Drama,History",Hacked by xxx, 7.0 ,2015,http://www.imdb.com/title/tt2006295/?ref_=inth_ov_tt,"
                127 min
"
Comedy,Hacked by xxx, 5.7 ,2015,http://www.imdb.com/title/tt2279339/?ref_=inth_ov_tt,"
                107 min
"
"Mystery,Thriller",Hacked by xxx, 6.2 ,2015,http://www.imdb.com/title/tt1741273/?ref_=inth_ov_tt,"
                111 min
"
"Animation,Adventure,Comedy",Hacked by xxx, 7.9 ,2015,http://www.imdb.com/title/tt2452042/?ref_=inth_ov_tt,"
                88 min
"
"Drama,Sport",Hacked by xxx, 8.9 ,2015,http://www.imdb.com/title/tt3076658/?ref_=inth_ov_tt,"
                132 min
"
"Action,Adventure,Thriller",Hacked by xxx, 7.2 ,2015,http://www.imdb.com/title/tt2379713/?ref_=inth_ov_tt,"
                148 min
"
"Adventure,Sci-Fi",Hacked by xxx, 7.2 ,2015,http://www.imdb.com/title/tt1951266/?ref_=inth_ov_tt,"
                137 min
"
"Documentary,Biography,Music",Hacked by xxx, 7.2 ,,http://www.imdb.com/title/tt3707114/?ref_=inth_ov_tt,"
                103 min
"
"Drama,Horror,Sci-Fi",Hacked by xxx, 6.5 ,2015,http://www.imdb.com/title/tt1976009/?ref_=inth_ov_tt,"
                109 min
"
"Biography,Drama",Hacked by xxx, 5.4 ,2015,http://www.imdb.com/title/tt0810819/?ref_=inth_ov_tt,"
                120 min
"
"Documentary,Drama",Hacked by xxx, 8.1 ,,http://www.imdb.com/title/tt4498460/?ref_=inth_ov_tt,"
                100 min
"
classifications,name,score,publish_date,link,last_time
Comedy,The Night Before, 7.5 ,2015,http://www.imdb.com/title/tt3530002/?ref_=inth_ov_tt,"
                101 min
"
"Adventure,Drama,Sci-Fi",The Martian, 8.2 ,2015,http://www.imdb.com/title/tt3659388/?ref_=inth_ov_tt,"
                144 min
"
"Biography,Drama,History",The 33, 7.0 ,2015,http://www.imdb.com/title/tt2006295/?ref_=inth_ov_tt,"
                127 min
"
"Biography,Drama,History",Bridge of Spies, 8.0 ,2015,http://www.imdb.com/title/tt3682448/?ref_=inth_ov_tt,"
                141 min
"
"Animation,Adventure,Comedy",The Good Dinosaur, 7.7 ,2015,http://www.imdb.com/title/tt1979388/?ref_=inth_ov_tt,"
                100 min
"
"Documentary,Drama",, 8.1 ,,http://www.imdb.com/title/tt4498460/?ref_=inth_ov_tt,"
                100 min
"
"Animation,Adventure,Comedy",The Peanuts Movie, 7.9 ,2015,http://www.imdb.com/title/tt2452042/?ref_=inth_ov_tt,"
                88 min
"
Comedy,Love the Coopers, 5.7 ,2015,http://www.imdb.com/title/tt2279339/?ref_=inth_ov_tt,"
                107 min
"
"Action,Adventure,Thriller",Spectre, 7.2 ,2015,http://www.imdb.com/title/tt2379713/?ref_=inth_ov_tt,"
                148 min
"
"Mystery,Thriller",Secret in Their Eyes, 6.2 ,2015,http://www.imdb.com/title/tt1741273/?ref_=inth_ov_tt,"
                111 min
"
"Adventure,Sci-Fi",The Hunger Games: Mockingjay - Part 2, 7.2 ,2015,http://www.imdb.com/title/tt1951266/?ref_=inth_ov_tt,"
                137 min
"
"Biography,Drama",The Danish Girl, 5.4 ,2015,http://www.imdb.com/title/tt0810819/?ref_=inth_ov_tt,"
                120 min
"
"Documentary,Biography,Music",, 7.2 ,,http://www.imdb.com/title/tt3707114/?ref_=inth_ov_tt,"
                103 min
"
"Drama,Horror,Sci-Fi",Victor Frankenstein, 6.5 ,2015,http://www.imdb.com/title/tt1976009/?ref_=inth_ov_tt,"
                109 min
"
"Biography,Drama,History",Spotlight, 8.5 ,2015,http://www.imdb.com/title/tt1895587/?ref_=inth_ov_tt,"
                128 min
"
"Drama,Sport",Creed, 8.9 ,2015,http://www.imdb.com/title/tt3076658/?ref_=inth_ov_tt,"
                132 min
"
classifications,name,score,publish_date,link,last_time
"Biography,Drama,History",hacked, 8.0 ,2015,http://www.imdb.com/title/tt3682448/?ref_=inth_ov_tt,"
                141 min
"
Comedy,hacked, 7.5 ,2015,http://www.imdb.com/title/tt3530002/?ref_=inth_ov_tt,"
                101 min
"
"Biography,Drama,History",hacked, 7.0 ,2015,http://www.imdb.com/title/tt2006295/?ref_=inth_ov_tt,"
                127 min
"
"Adventure,Drama,Sci-Fi",hacked, 8.2 ,2015,http://www.imdb.com/title/tt3659388/?ref_=inth_ov_tt,"
                144 min
"
Comedy,hacked, 5.7 ,2015,http://www.imdb.com/title/tt2279339/?ref_=inth_ov_tt,"
                107 min
"
"Biography,Drama,History",hacked, 8.5 ,2015,http://www.imdb.com/title/tt1895587/?ref_=inth_ov_tt,"
                128 min
"
"Documentary,Drama",hacked, 8.1 ,,http://www.imdb.com/title/tt4498460/?ref_=inth_ov_tt,"
                100 min
"
"Mystery,Thriller",hacked, 6.2 ,2015,http://www.imdb.com/title/tt1741273/?ref_=inth_ov_tt,"
                111 min
"
"Action,Adventure,Thriller",hacked, 7.2 ,2015,http://www.imdb.com/title/tt2379713/?ref_=inth_ov_tt,"
                148 min
"
"Animation,Adventure,Comedy",hacked, 7.9 ,2015,http://www.imdb.com/title/tt2452042/?ref_=inth_ov_tt,"
                88 min
"
"Biography,Drama",hacked, 5.4 ,2015,http://www.imdb.com/title/tt0810819/?ref_=inth_ov_tt,"
                120 min
"
"Documentary,Biography,Music",hacked, 7.2 ,,http://www.imdb.com/title/tt3707114/?ref_=inth_ov_tt,"
                103 min
"
"Adventure,Sci-Fi",hacked, 7.2 ,2015,http://www.imdb.com/title/tt1951266/?ref_=inth_ov_tt,"
                137 min
"
"Drama,Sport",hacked, 8.9 ,2015,http://www.imdb.com/title/tt3076658/?ref_=inth_ov_tt,"
                132 min
"
"Drama,Horror,Sci-Fi",hacked, 6.5 ,2015,http://www.imdb.com/title/tt1976009/?ref_=inth_ov_tt,"
                109 min
"
"Animation,Adventure,Comedy",hacked, 7.7 ,2015,http://www.imdb.com/title/tt1979388/?ref_=inth_ov_tt,"
                100 min
"
